DATE,E2,Totaal aantal mensen volledig gevaccineerd (opgeteld),Totaal aantal mensen met minstens één dosis (opgeteld),Totaal aantal mensen met een boosterprik (opgeteld)
2020-12-28,0.0,0.0,340.0,0.0
2020-12-29,0.0,11.0,379.0,0.0
2020-12-30,0.0,21.0,909.0,0.0
2020-12-31,0.0,21.0,957.0,0.0
2021-01-01,0.0,21.0,974.0,0.0
2021-01-02,0.0,34.0,998.0,0.0
2021-01-03,0.0,34.0,1032.0,0.0
2021-01-04,0.0,50.0,1102.0,0.0
2021-01-05,0.0,79.0,2889.0,0.0
2021-01-06,0.0,108.0,6916.0,0.0
2021-01-07,0.0,129.0,15422.0,0.0
2021-01-08,0.0,182.0,24858.0,0.0
2021-01-09,0.0,201.0,28153.0,0.0
2021-01-10,0.0,203.0,28647.0,0.0
2021-01-11,0.0,223.0,34383.0,0.0
2021-01-12,0.0,255.0,50477.0,0.0
2021-01-13,0.0,394.0,72324.0,0.0
2021-01-14,0.0,424.0,95888.0,0.0
2021-01-15,0.0,453.0,119600.0,0.0
2021-01-16,0.0,467.0,124846.0,0.0
2021-01-17,0.0,493.0,128119.0,0.0
2021-01-18,0.0,656.0,139276.0,0.0
2021-01-19,0.0,901.0,158571.0,0.0
2021-01-20,0.0,1403.0,179868.0,0.0
2021-01-21,0.0,1468.0,210257.0,0.0
2021-01-22,0.0,1554.0,240460.0,0.0
2021-01-23,0.0,1578.0,248985.0,0.0
2021-01-24,0.0,1612.0,250904.0,0.0
2021-01-25,0.0,1664.0,262360.0,0.0
2021-01-26,0.0,3467.0,273572.0,0.0
2021-01-27,0.0,6973.0,286986.0,0.0
2021-01-28,0.0,14953.0,303109.0,0.0
2021-01-29,0.0,24209.0,315716.0,0.0
2021-01-30,0.0,27150.0,317378.0,0.0
2021-01-31,0.0,27506.0,318030.0,0.0
2021-02-01,0.0,31516.0,322070.0,0.0
2021-02-02,0.0,46056.0,332404.0,0.0
2021-02-03,0.0,66943.0,342726.0,0.0
2021-02-04,0.0,91513.0,352834.0,0.0
2021-02-05,0.0,114677.0,361028.0,0.0
2021-02-06,0.0,120045.0,362288.0,0.0
2021-02-07,0.0,123156.0,362631.0,0.0
2021-02-08,0.0,131123.0,365047.0,0.0
2021-02-09,0.0,151096.0,373327.0,0.0
2021-02-10,0.0,170432.0,379968.0,0.0
2021-02-11,0.0,198988.0,388377.0,0.0
2021-02-12,0.0,227431.0,395249.0,0.0
2021-02-13,0.0,235644.0,395898.0,0.0
2021-02-14,0.0,237544.0,396045.0,0.0
2021-02-15,0.0,249394.0,398249.0,0.0
2021-02-16,0.0,260105.0,402748.0,0.0
2021-02-17,0.0,273088.0,410104.0,0.0
2021-02-18,0.0,290569.0,420848.0,0.0
2021-02-19,0.0,304006.0,439016.0,0.0
2021-02-20,0.0,305644.0,443521.0,0.0
2021-02-21,0.0,305951.0,445490.0,0.0
2021-02-22,0.0,308972.0,455431.0,0.0
2021-02-23,0.0,317331.0,467534.0,0.0
2021-02-24,0.0,325845.0,482576.0,0.0
2021-02-25,0.0,335237.0,505516.0,0.0
2021-02-26,0.0,342337.0,530941.0,0.0
2021-02-27,0.0,343215.0,534642.0,0.0
2021-02-28,0.0,343496.0,535276.0,0.0
2021-03-01,0.0,346330.0,546322.0,0.0
2021-03-02,0.0,353327.0,563399.0,0.0
2021-03-03,0.0,359623.0,587770.0,0.0
2021-03-04,0.0,368660.0,629201.0,0.0
2021-03-05,0.0,375582.0,667830.0,0.0
2021-03-06,0.0,376283.0,675636.0,0.0
2021-03-07,0.0,376494.0,677028.0,0.0
2021-03-08,0.0,378579.0,692629.0,0.0
2021-03-09,0.0,386164.0,714416.0,0.0
2021-03-10,0.0,395511.0,741665.0,0.0
2021-03-11,0.0,405800.0,786165.0,0.0
2021-03-12,0.0,419737.0,817876.0,0.0
2021-03-13,0.0,422022.0,825726.0,0.0
2021-03-14,0.0,423352.0,826003.0,0.0
2021-03-15,0.0,428151.0,852344.0,0.0
2021-03-16,0.0,432552.0,895161.0,0.0
2021-03-17,0.0,441506.0,934284.0,0.0
2021-03-18,0.0,458417.0,993217.0,0.0
2021-03-19,0.0,477559.0,1042487.0,0.0
2021-03-20,0.0,478996.0,1063636.0,0.0
2021-03-21,0.0,479553.0,1064186.0,0.0
2021-03-22,0.0,485066.0,1091918.0,0.0
2021-03-23,0.0,491003.0,1134472.0,0.0
2021-03-24,0.0,501815.0,1185971.0,0.0
2021-03-25,0.0,522178.0,1245494.0,0.0
2021-03-26,0.0,542155.0,1296276.0,0.0
2021-03-27,0.0,546031.0,1315208.0,0.0
2021-03-28,0.0,547030.0,1316823.0,0.0
2021-03-29,0.0,552431.0,1335548.0,0.0
2021-03-30,0.0,558313.0,1362319.0,0.0
2021-03-31,0.0,569855.0,1436259.0,0.0
2021-04-01,0.0,595006.0,1513630.0,0.0
2021-04-02,0.0,614300.0,1578104.0,0.0
2021-04-03,0.0,615808.0,1597833.0,0.0
2021-04-04,0.0,615964.0,1598026.0,0.0
2021-04-05,0.0,618574.0,1610453.0,0.0
2021-04-06,0.0,627976.0,1648542.0,0.0
2021-04-07,0.0,638051.0,1687015.0,0.0
2021-04-08,0.0,655169.0,1797889.0,0.0
2021-04-09,0.0,671370.0,1917817.0,0.0
2021-04-10,0.0,675611.0,1982803.0,0.0
2021-04-11,0.0,676046.0,1986550.0,0.0
2021-04-12,0.0,685294.0,2026623.0,0.0
2021-04-13,0.0,693898.0,2091135.0,0.0
2021-04-14,0.0,718755.0,2167623.0,0.0
2021-04-15,0.0,745625.0,2253116.0,0.0
2021-04-16,0.0,763169.0,2330150.0,0.0
2021-04-17,0.0,769077.0,2382685.0,0.0
2021-04-18,0.0,769242.0,2388779.0,0.0
2021-04-19,0.0,773811.0,2445816.0,0.0
2021-04-20,0.0,777223.0,2493203.0,0.0
2021-04-21,0.0,782019.0,2581027.0,0.0
2021-04-22,0.0,788293.0,2671893.0,0.0
2021-04-23,0.0,795720.0,2737136.0,0.0
2021-04-24,0.0,797666.0,2781920.0,0.0
2021-04-25,0.0,797773.0,2788350.0,0.0
2021-04-26,0.0,804997.0,2845031.0,0.0
2021-04-27,0.0,819907.0,2883800.0,0.0
2021-04-28,0.0,835470.0,2963666.0,0.0
2021-04-29,0.0,855673.0,3051966.0,0.0
2021-04-30,0.0,878743.0,3112864.0,0.0
2021-05-01,0.0,886959.0,3152907.0,0.0
2021-05-02,0.0,887209.0,3156585.0,0.0
2021-05-03,0.0,902527.0,3223376.0,0.0
2021-05-04,0.0,921915.0,3291321.0,0.0
2021-05-05,0.0,996618.0,3376158.0,0.0
2021-05-06,0.0,1075312.0,3465173.0,0.0
2021-05-07,0.0,1135092.0,3566504.0,0.0
2021-05-08,0.0,1146718.0,3647600.0,0.0
2021-05-09,0.0,1146966.0,3655663.0,0.0
2021-05-10,0.0,1153272.0,3735145.0,0.0
2021-05-11,0.0,1164816.0,3794428.0,0.0
2021-05-12,0.0,1194662.0,3859898.0,0.0
2021-05-13,0.0,1275801.0,3898780.0,0.0
2021-05-14,0.0,1380556.0,3941445.0,0.0
2021-05-15,0.0,1436289.0,3974611.0,0.0
2021-05-16,0.0,1440244.0,3977062.0,0.0
2021-05-17,0.0,1466534.0,4063918.0,0.0
2021-05-18,0.0,1500713.0,4166989.0,0.0
2021-05-19,0.0,1568611.0,4245691.0,0.0
2021-05-20,0.0,1652130.0,4315468.0,0.0
2021-05-21,0.0,1714701.0,4386034.0,0.0
2021-05-22,0.0,1760260.0,4430714.0,0.0
2021-05-23,0.0,1763184.0,4437777.0,0.0
2021-05-24,0.0,1799994.0,4464615.0,0.0
2021-05-25,0.0,1847630.0,4524788.0,0.0
2021-05-26,0.0,1939978.0,4561062.0,0.0
2021-05-27,0.0,2043538.0,4602776.0,0.0
2021-05-28,0.0,2121306.0,4642154.0,0.0
2021-05-29,0.0,2171995.0,4685588.0,0.0
2021-05-30,0.0,2179355.0,4690205.0,0.0
2021-05-31,0.0,2237512.0,4756479.0,0.0
2021-06-01,0.0,2285915.0,4821142.0,0.0
2021-06-02,0.0,2376861.0,4902554.0,0.0
2021-06-03,0.0,2474805.0,4995930.0,0.0
2021-06-04,0.0,2549238.0,5078292.0,0.0
2021-06-05,0.0,2601304.0,5167881.0,0.0
2021-06-06,0.0,2607370.0,5193966.0,0.0
2021-06-07,0.0,2685384.0,5293978.0,0.0
2021-06-08,0.0,2766906.0,5378433.0,0.0
2021-06-09,0.0,2877277.0,5472165.0,0.0
2021-06-10,0.0,2996058.0,5554033.0,0.0
2021-06-11,0.0,3106865.0,5643439.0,0.0
2021-06-12,0.0,3178690.0,5722330.0,0.0
2021-06-13,0.0,3187489.0,5738294.0,0.0
2021-06-14,0.0,3276884.0,5817137.0,0.0
2021-06-15,0.0,3360835.0,5911582.0,0.0
2021-06-16,0.0,3440302.0,6033203.0,0.0
2021-06-17,0.0,3497158.0,6171239.0,0.0
2021-06-18,0.0,3557579.0,6310177.0,0.0
2021-06-19,0.0,3589863.0,6406928.0,0.0
2021-06-20,0.0,3591881.0,6437990.0,0.0
2021-06-21,0.0,3630953.0,6521330.0,0.0
2021-06-22,0.0,3687436.0,6583318.0,0.0
2021-06-23,0.0,3752268.0,6706869.0,0.0
2021-06-24,0.0,3813888.0,6833436.0,0.0
2021-06-25,0.0,3866449.0,6951763.0,0.0
2021-06-26,0.0,3916902.0,7022878.0,0.0
2021-06-27,0.0,3924041.0,7051623.0,0.0
2021-06-28,0.0,3980011.0,7120787.0,0.0
2021-06-29,0.0,4049759.0,7179263.0,0.0
2021-06-30,0.0,4097021.0,7264835.0,0.0
2021-07-01,0.0,4146576.0,7357205.0,0.0
2021-07-02,0.0,4188598.0,7434104.0,0.0
2021-07-03,0.0,4241259.0,7471882.0,0.0
2021-07-04,0.0,4248318.0,7479557.0,0.0
2021-07-05,0.0,4347961.0,7504429.0,0.0
2021-07-06,0.0,4443678.0,7527467.0,0.0
2021-07-07,0.0,4568151.0,7566670.0,0.0
2021-07-08,0.0,4700538.0,7604066.0,0.0
2021-07-09,0.0,4815306.0,7640162.0,0.0
2021-07-10,0.0,4926918.0,7660025.0,0.0
2021-07-11,0.0,4954162.0,7664462.0,0.0
2021-07-12,0.0,5077886.0,7690407.0,0.0
2021-07-13,0.0,5172490.0,7718396.0,0.0
2021-07-14,0.0,5288712.0,7753783.0,0.0
2021-07-15,0.0,5396331.0,7785875.0,0.0
2021-07-16,0.0,5507701.0,7816470.0,0.0
2021-07-17,0.0,5592994.0,7835447.0,0.0
2021-07-18,0.0,5605170.0,7838936.0,0.0
2021-07-19,0.0,5715793.0,7859502.0,0.0
2021-07-20,0.0,5814025.0,7886034.0,0.0
2021-07-21,0.0,5902485.0,7900147.0,0.0
2021-07-22,0.0,6062032.0,7928241.0,0.0
2021-07-23,0.0,6203583.0,7953298.0,0.0
2021-07-24,0.0,6286569.0,7969630.0,0.0
2021-07-25,0.0,6299421.0,7971318.0,0.0
2021-07-26,0.0,6398512.0,7993048.0,0.0
2021-07-27,0.0,6489450.0,8015811.0,0.0
2021-07-28,0.0,6620999.0,8044450.0,0.0
2021-07-29,0.0,6746197.0,8069028.0,0.0
2021-07-30,0.0,6864684.0,8095315.0,0.0
2021-07-31,0.0,6935802.0,8111764.0,0.0
2021-08-01,0.0,6946052.0,8114046.0,0.0
2021-08-02,0.0,7034209.0,8133909.0,0.0
2021-08-03,0.0,7106774.0,8157175.0,0.0
2021-08-04,0.0,7194272.0,8189261.0,0.0
2021-08-05,0.0,7286196.0,8215147.0,0.0
2021-08-06,0.0,7374411.0,8241216.0,0.0
2021-08-07,0.0,7413367.0,8263265.0,0.0
2021-08-08,0.0,7418798.0,8264811.0,0.0
2021-08-09,0.0,7471962.0,8283999.0,0.0
2021-08-10,0.0,7538183.0,8300227.0,0.0
2021-08-11,0.0,7600507.0,8316751.0,0.0
2021-08-12,0.0,7661368.0,8333932.0,0.0
2021-08-13,0.0,7709595.0,8348188.0,0.0
2021-08-14,0.0,7731197.0,8355020.0,0.0
2021-08-15,0.0,7732990.0,8355325.0,0.0
2021-08-16,0.0,7765898.0,8363546.0,0.0
2021-08-17,0.0,7801463.0,8376000.0,0.0
2021-08-18,0.0,7843173.0,8387540.0,0.0
2021-08-19,0.0,7883720.0,8397314.0,0.0
2021-08-20,0.0,7918372.0,8406730.0,0.0
2021-08-21,0.0,7937033.0,8413487.0,0.0
2021-08-22,0.0,7939957.0,8413723.0,0.0
2021-08-23,0.0,7973302.0,8422475.0,0.0
2021-08-24,0.0,8006554.0,8430909.0,0.0
2021-08-25,0.0,8041447.0,8440923.0,0.0
2021-08-26,0.0,8081083.0,8451325.0,0.0
2021-08-27,0.0,8114285.0,8458738.0,0.0
2021-08-28,0.0,8142365.0,8466016.0,0.0
2021-08-29,0.0,8143732.0,8466113.0,0.0
2021-08-30,0.0,8170430.0,8472719.0,0.0
2021-08-31,0.0,8200239.0,8484059.0,0.0
2021-09-01,0.0,8216007.0,8490843.0,0.0
2021-09-02,0.0,8227732.0,8497261.0,0.0
2021-09-03,0.0,8245802.0,8505328.0,0.0
2021-09-04,0.0,8266410.0,8516143.0,0.0
2021-09-05,0.0,8266854.0,8517235.0,0.0
2021-09-06,0.0,8270929.0,8520079.0,0.0
2021-09-07,0.0,8277645.0,8524009.0,0.0
2021-09-08,0.0,8294620.0,8534932.0,0.0
2021-09-09,0.0,8302588.0,8539089.0,181.0
2021-09-10,0.0,8314102.0,8546968.0,366.0
2021-09-11,0.0,8328819.0,8555982.0,448.0
2021-09-12,0.0,8329657.0,8556650.0,457.0
2021-09-13,0.0,8335820.0,8559644.0,860.0
2021-09-14,0.0,8339195.0,8561757.0,1203.0
2021-09-15,0.0,8350333.0,8568499.0,2271.0
2021-09-16,0.0,8359606.0,8573430.0,4266.0
2021-09-17,0.0,8370083.0,8580825.0,9752.0
2021-09-18,0.0,8384303.0,8588669.0,16721.0
2021-09-19,0.0,8384542.0,8589012.0,16765.0
2021-09-20,0.0,8388188.0,8592085.0,19357.0
2021-09-21,0.0,8394972.0,8597001.0,25072.0
2021-09-22,0.0,8406438.0,8604118.0,38407.0
2021-09-23,0.0,8413910.0,8608883.0,47840.0
2021-09-24,0.0,8422716.0,8616023.0,59533.0
2021-09-25,0.0,8440767.0,8624663.0,74721.0
2021-09-26,0.0,8441658.0,8625320.0,74796.0
2021-09-27,0.0,8445843.0,8628082.0,83161.0
2021-09-28,0.0,8451362.0,8632550.0,97580.0
2021-09-29,0.0,8465859.0,8639985.0,120986.0
2021-09-30,0.0,8473085.0,8644699.0,139299.0
2021-10-01,0.0,8481076.0,8651878.0,154459.0
2021-10-02,0.0,8491340.0,8658393.0,167745.0
2021-10-03,0.0,8491784.0,8658691.0,168183.0
2021-10-04,0.0,8494798.0,8661225.0,177296.0
2021-10-05,0.0,8497433.0,8665056.0,191019.0
2021-10-06,0.0,8503839.0,8670125.0,221892.0
2021-10-07,0.0,8508252.0,8674333.0,260427.0
2021-10-08,0.0,8515678.0,8678945.0,289094.0
2021-10-09,0.0,8525169.0,8684008.0,304045.0
2021-10-10,0.0,8525358.0,8684243.0,304837.0
2021-10-11,0.0,8528542.0,8686852.0,319657.0
2021-10-12,0.0,8532829.0,8690615.0,347714.0
2021-10-13,0.0,8540421.0,8695110.0,380350.0
2021-10-14,0.0,8544603.0,8699764.0,412693.0
2021-10-15,0.0,8552924.0,8704523.0,434342.0
2021-10-16,0.0,8560447.0,8708854.0,444879.0
2021-10-17,0.0,8560599.0,8709184.0,445614.0
2021-10-18,0.0,8563145.0,8711982.0,452816.0
2021-10-19,0.0,8566177.0,8715514.0,470009.0
2021-10-20,0.0,8571345.0,8720782.0,493166.0
2021-10-21,0.0,8575241.0,8725175.0,521095.0
2021-10-22,0.0,8583240.0,8729216.0,540753.0
2021-10-23,0.0,8590270.0,8733147.0,548706.0
2021-10-24,0.0,8590387.0,8733395.0,548872.0
2021-10-25,0.0,8593518.0,8736537.0,559552.0
2021-10-26,0.0,8598085.0,8740990.0,581546.0
2021-10-27,0.0,8604644.0,8747375.0,606447.0
2021-10-28,0.0,8609760.0,8752766.0,634904.0
2021-10-29,0.0,8616098.0,8757948.0,655339.0
2021-10-30,0.0,8622034.0,8762307.0,662804.0
2021-10-31,0.0,8622103.0,8762408.0,662908.0
2021-11-01,0.0,8622421.0,8762876.0,663493.0
2021-11-02,0.0,8626473.0,8767526.0,674885.0
2021-11-03,0.0,8631485.0,8773836.0,695963.0
2021-11-04,0.0,8635763.0,8779484.0,717500.0
2021-11-05,0.0,8641052.0,8784522.0,736906.0
2021-11-06,0.0,8645222.0,8788444.0,748383.0
2021-11-07,0.0,8645623.0,8788850.0,749650.0
2021-11-08,0.0,8648504.0,8791761.0,765212.0
2021-11-09,0.0,8653600.0,8796596.0,787956.0
2021-11-10,0.0,8660413.0,8803745.0,822383.0
2021-11-11,0.0,8661351.0,8804897.0,827228.0
2021-11-12,0.0,8665974.0,8809381.0,850661.0
2021-11-13,0.0,8670293.0,8813449.0,864474.0
2021-11-14,0.0,8670409.0,8813617.0,864766.0
2021-11-15,0.0,8673685.0,8816603.0,889706.0
2021-11-16,0.0,8679099.0,8821426.0,932255.0
2021-11-17,0.0,8685983.0,8829136.0,994953.0
2021-11-18,0.0,8690825.0,8834150.0,1054214.0
2021-11-19,0.0,8695689.0,8838823.0,1107337.0
2021-11-20,0.0,8700118.0,8842951.0,1130799.0
2021-11-21,0.0,8700262.0,8843095.0,1131646.0
2021-11-22,0.0,8702414.0,8846235.0,1175868.0
2021-11-23,0.0,8707165.0,8850446.0,1255277.0
2021-11-24,0.0,8713595.0,8857807.0,1348007.0
2021-11-25,0.0,8718092.0,8862128.0,1461330.0
2021-11-26,0.0,8722291.0,8865565.0,1553181.0
2021-11-27,0.0,8727101.0,8868620.0,1585981.0
2021-11-28,0.0,8727358.0,8868808.0,1588887.0
2021-11-29,0.0,8730036.0,8870761.0,1664110.0
2021-11-30,0.0,8733669.0,8874074.0,1764641.0
2021-12-01,0.0,8740453.0,8879374.0,1877367.0
2021-12-02,0.0,8743311.0,8881959.0,1997559.0
2021-12-03,0.0,8746832.0,8884743.0,2106546.0
2021-12-04,0.0,8751056.0,8886752.0,2154549.0
2021-12-05,0.0,8751216.0,8886904.0,2158640.0
2021-12-06,0.0,8753441.0,8888441.0,2238959.0
2021-12-07,0.0,8757513.0,8890620.0,2347412.0
2021-12-08,0.0,8764101.0,8893983.0,2459105.0
2021-12-09,0.0,8767841.0,8896241.0,2588220.0
2021-12-10,0.0,8771735.0,8898728.0,2699379.0
2021-12-11,0.0,8775207.0,8900833.0,2757600.0
2021-12-12,0.0,8775601.0,8900975.0,2762818.0
2021-12-13,0.0,8778613.0,8902838.0,2863607.0
2021-12-14,0.0,8782047.0,8904845.0,2988852.0
2021-12-15,0.0,8788245.0,8908196.0,3109202.0
2021-12-16,0.0,8792032.0,8910667.0,3242908.0
2021-12-17,0.0,8795915.0,8913947.0,3373675.0
2021-12-18,0.0,8799167.0,8915985.0,3443697.0
2021-12-19,0.0,8799472.0,8916261.0,3457979.0
2021-12-20,0.0,8802085.0,8918039.0,3597930.0
2021-12-21,0.0,8805988.0,8920931.0,3772014.0
2021-12-22,0.0,8813362.0,8924856.0,3932297.0
2021-12-23,0.0,8817435.0,8927456.0,4062200.0
2021-12-24,0.0,8817878.0,8927885.0,4075457.0
2021-12-25,0.0,8817889.0,8927899.0,4075530.0
2021-12-26,0.0,8817901.0,8927913.0,4077004.0
2021-12-27,0.0,8819645.0,8929244.0,4148601.0
2021-12-28,0.0,8821259.0,8930930.0,4236938.0
2021-12-29,0.0,8823300.0,8932869.0,4326863.0
2021-12-30,0.0,8824520.0,8934285.0,4379196.0
2021-12-31,0.0,8824740.0,8934631.0,4383878.0
2022-01-01,0.0,8824747.0,8934638.0,4383933.0
2022-01-02,0.0,8824754.0,8934654.0,4384020.0
2022-01-03,0.0,8826857.0,8936464.0,4505774.0
2022-01-04,0.0,8829120.0,8938605.0,4649150.0
2022-01-05,0.0,8833882.0,8942435.0,4805330.0
2022-01-06,0.0,8836179.0,8945297.0,4962375.0
2022-01-07,0.0,8838305.0,8948287.0,5115776.0
2022-01-08,0.0,8840497.0,8957749.0,5197188.0
2022-01-09,0.0,8840726.0,8964597.0,5219814.0
2022-01-10,0.0,8842313.0,8966098.0,5342337.0
2022-01-11,0.0,8845000.0,8968728.0,5484045.0
2022-01-12,0.0,8850714.0,8984785.0,5604277.0
2022-01-13,0.0,8852624.0,8987513.0,5736097.0
2022-01-14,0.0,8854277.0,8991226.0,5855462.0
2022-01-15,0.0,8855560.0,9022012.0,5910977.0
2022-01-16,0.0,8855674.0,9031856.0,5923293.0
2022-01-17,0.0,8856823.0,9034790.0,6006902.0
2022-01-18,0.0,8858449.0,9038593.0,6092067.0
2022-01-19,0.0,8860663.0,9063923.0,6157715.0
2022-01-20,81.0,8862049.0,9067620.0,6231085.0
2022-01-21,64.0,8863078.0,9072817.0,6297058.0
2022-01-22,35.0,8864089.0,9103703.0,6327840.0
2022-01-23,3.0,8864141.0,9110079.0,6331629.0
2022-01-24,49.0,8865290.0,9112688.0,6380757.0
2022-01-25,58.0,8866583.0,9115616.0,6421015.0
2022-01-26,102.0,8869819.0,9133488.0,6461453.0
2022-01-27,82.0,8871223.0,9136324.0,6500185.0
2022-01-28,101.0,8872888.0,9138962.0,6541816.0
2022-01-29,25.0,8882064.0,9156410.0,6561258.0
2022-01-30,9.0,8883987.0,9158796.0,6563200.0
2022-01-31,53.0,8885108.0,9160468.0,6584712.0
2022-02-01,285.0,8887371.0,9162675.0,6611370.0
2022-02-02,401.0,8898944.0,9172031.0,6642044.0
2022-02-03,381.0,8901047.0,9174610.0,6666959.0
2022-02-04,293.0,8903871.0,9176437.0,6694116.0
2022-02-05,127.0,8928069.0,9184131.0,6707180.0
2022-02-06,7.0,8935431.0,9185472.0,6708009.0
2022-02-07,131.0,8937699.0,9186268.0,6718613.0
2022-02-08,665.0,8940723.0,9187423.0,6735431.0
2022-02-09,4013.0,8961168.0,9193560.0,6767614.0
2022-02-10,5474.0,8964381.0,9194831.0,6796358.0
2022-02-11,5566.0,8969013.0,9196299.0,6821722.0
2022-02-12,4862.0,8996617.0,9201888.0,6842701.0
2022-02-13,464.0,9003478.0,9202648.0,6845549.0
2022-02-14,1802.0,9005386.0,9203178.0,6852975.0
2022-02-15,4391.0,9007963.0,9203837.0,6866315.0
2022-02-16,13311.0,9027774.0,9209273.0,6901377.0
2022-02-17,9675.0,9030310.0,9210234.0,6915409.0
2022-02-18,5720.0,9032292.0,9211001.0,6928269.0
2022-02-19,4019.0,9052599.0,9215274.0,6943146.0
2022-02-20,381.0,9054883.0,9215812.0,6944000.0
2022-02-21,7100.0,9056511.0,9216359.0,6950237.0
2022-02-22,18004.0,9058388.0,9217162.0,6960169.0
2022-02-23,17553.0,9071051.0,9219883.0,6984967.0
2022-02-24,19316.0,9074352.0,9220830.0,6997588.0
2022-02-25,12068.0,9076303.0,9221567.0,7011037.0
2022-02-26,5738.0,9085227.0,9223277.0,7022041.0
2022-02-27,70.0,9086171.0,9223390.0,7022581.0
2022-02-28,1596.0,9086906.0,9223718.0,7025919.0
2022-03-01,3000.0,9087565.0,9224129.0,7030517.0
2022-03-02,5135.0,9092591.0,9225830.0,7040972.0
2022-03-03,3182.0,9093868.0,9226506.0,7045552.0
2022-03-04,1831.0,9094952.0,9227027.0,7050080.0
2022-03-05,2884.0,9099231.0,9227831.0,7053632.0
2022-03-06,14.0,9099309.0,9227849.0,7053703.0
2022-03-07,2668.0,9099594.0,9228006.0,7055128.0
2022-03-08,2277.0,9100396.0,9228262.0,7057566.0
2022-03-09,10607.0,9110214.0,9230197.0,7066925.0
2022-03-10,1915.0,9110981.0,9230566.0,7069162.0
2022-03-11,1447.0,9111516.0,9230719.0,7071081.0
2022-03-12,2097.0,9115995.0,9231203.0,7073654.0
2022-03-13,274.0,9117007.0,9231256.0,7073845.0
2022-03-14,523.0,9117493.0,9231339.0,7074441.0
2022-03-15,2144.0,9118068.0,9231453.0,7076218.0
2022-03-16,6429.0,9122292.0,9232074.0,7082669.0
2022-03-17,2568.0,9123054.0,9232311.0,7085134.0
2022-03-18,1807.0,9123527.0,9232470.0,7087250.0
2022-03-19,2242.0,9125403.0,9232829.0,7089587.0
2022-03-20,8.0,9125423.0,9232845.0,7089633.0
2022-03-21,809.0,9126055.0,9232955.0,7090283.0
2022-03-22,1728.0,9126838.0,9233152.0,7091718.0
2022-03-23,6638.0,9128948.0,9233636.0,7096281.0
2022-03-24,1772.0,9129328.0,9233802.0,7097759.0
2022-03-25,1570.0,9129719.0,9233942.0,7099419.0
2022-03-26,2715.0,9130768.0,9234217.0,7101451.0
2022-03-27,19.0,9130820.0,9234225.0,7101512.0
2022-03-28,668.0,9131171.0,9234318.0,7102324.0
2022-03-29,1375.0,9131390.0,9234427.0,7103724.0
2022-03-30,7380.0,9134539.0,9235087.0,7109160.0
2022-03-31,1343.0,9135093.0,9235269.0,7110597.0
2022-04-01,742.0,9135362.0,9235373.0,7111447.0
2022-04-02,664.0,9135648.0,9235573.0,7112125.0
2022-04-03,1.0,9135649.0,9235573.0,7112131.0
2022-04-04,107.0,9135741.0,9235618.0,7112372.0
2022-04-05,490.0,9135848.0,9235677.0,7112913.0
2022-04-06,1839.0,9136266.0,9235867.0,7114357.0
2022-04-07,724.0,9136438.0,9236034.0,7115058.0
2022-04-08,676.0,9136577.0,9236169.0,7116158.0
2022-04-09,729.0,9136915.0,9236403.0,7117190.0
2022-04-10,1.0,9136917.0,9236403.0,7117192.0
2022-04-11,258.0,9137037.0,9236477.0,7117615.0
2022-04-12,287.0,9137125.0,9236559.0,7118036.0
2022-04-13,1196.0,9137477.0,9236736.0,7119163.0
2022-04-14,552.0,9137626.0,9236853.0,7119870.0
2022-04-15,502.0,9137780.0,9236996.0,7121011.0
2022-04-16,210.0,9138089.0,9237184.0,7121730.0
2022-04-17,1.0,9138089.0,9237184.0,7121739.0
2022-04-18,2.0,9138091.0,9237184.0,7121743.0
2022-04-19,604.0,9138357.0,9237329.0,7122485.0
2022-04-20,1464.0,9138954.0,9237605.0,7123901.0
2022-04-21,797.0,9139171.0,9237733.0,7124641.0
2022-04-22,775.0,9139380.0,9237944.0,7125821.0
2022-04-23,626.0,9139827.0,9238243.0,7126983.0
2022-04-24,10.0,9139829.0,9238243.0,7126988.0
2022-04-25,166.0,9139896.0,9238309.0,7127332.0
2022-04-26,513.0,9140035.0,9238400.0,7127800.0
2022-04-27,1615.0,9140493.0,9238735.0,7129549.0
2022-04-28,434.0,9140680.0,9238872.0,7130192.0
2022-04-29,358.0,9140850.0,9239010.0,7131164.0
2022-04-30,287.0,9141188.0,9239245.0,7132009.0
2022-05-01,0.0,9141189.0,9239245.0,7132013.0
2022-05-02,88.0,9141235.0,9239292.0,7132293.0
2022-05-03,281.0,9141331.0,9239382.0,7132794.0
2022-05-04,464.0,9141557.0,9239697.0,7133785.0
2022-05-05,203.0,9141654.0,9239776.0,7134309.0
2022-05-06,397.0,9141834.0,9239977.0,7135410.0
2022-05-07,150.0,9142072.0,9240221.0,7136087.0
2022-05-08,4.0,9142075.0,9240221.0,7136087.0
2022-05-09,115.0,9142118.0,9240283.0,7136438.0
2022-05-10,261.0,9142244.0,9240420.0,7137017.0
2022-05-11,587.0,9142554.0,9240815.0,7138315.0
2022-05-12,252.0,9142655.0,9240896.0,7138834.0
2022-05-13,268.0,9142810.0,9241085.0,7139703.0
2022-05-14,159.0,9143061.0,9241300.0,7140485.0
2022-05-15,0.0,9143061.0,9241300.0,7140486.0
2022-05-16,85.0,9143087.0,9241352.0,7140785.0
2022-05-17,425.0,9143171.0,9241442.0,7141182.0
2022-05-18,742.0,9143462.0,9241780.0,7142242.0
2022-05-19,2018.0,9143574.0,9241899.0,7142751.0
2022-05-20,674.0,9143756.0,9242084.0,7143807.0
2022-05-21,373.0,9143992.0,9242292.0,7144557.0
2022-05-22,14.0,9143992.0,9242293.0,7144560.0
2022-05-23,709.0,9144039.0,9242384.0,7144919.0
